hpi,infected_1,infected_2,control,infected_average,infected_SD
3,1250274.63,1300206.733,1366540.977,1275240.682,24966.05138
28,713962.8859,621604.9327,1856362.021,667783.9093,46178.9766
51,680160.0332,681142.7963,2060340.624,680651.4147,491.381524
79,27728.61339,19220.61079,3593297.855,23474.61209,4254.0013
